﻿Designator,Footprint,Quantity,Value,LCSC Part #
"C1, C10, C12, C13, C2, C3, C4, C5, C6, C7, C8, C9",0805,12,100uF,
C11,0805,1,0.01uF,
C20,CP_Radial_D10.0mm_P3.50mm,1,470uF,
C21,CP_Radial_D5.0mm_P2.50mm,1,100uF,
IC1,TO-92_HandSolder,1,DS1233-10+,
J1,PinHeader_1x06_P2.54mm_Vertical,1,UART A,
J2,PinHeader_1x06_P2.54mm_Vertical,1,UART B,
J3,PinHeader_1x06_P2.54mm_Vertical,1,SD CARD,
J4,PinHeader_2x32_P2.54mm_Vertical,1,Conn_02x32_Odd_Even,
J5,IDC-Header_2x05_P2.54mm_Vertical,1,ATF1508 JTAG,
J6,PinHeader_1x02_P2.54mm_Vertical,1,Conn_01x02_Pin,
J7,USB_C_Receptacle_GCT_USB4125-xx-x_6P_TopMnt_Horizontal,1,USB_C_Receptacle_PowerOnly_6P,
JP1,PinHeader_1x02_P2.54mm_Vertical,1,Power A,
JP2,PinHeader_1x02_P2.54mm_Vertical,1,Power B,
LED1,0805,1,GREEN,
LED2,0805,1,RED,
LED3,0805,1,HALT,
LED4,0805,1,RUN,
"R1, R2, R3, R4",0805,4,1K,
R5,0805,1,10K,
"R6, R7",0805,2,5K1,
RESET,SW_TH_Tactile_Omron_B3F-10xx,1,SW_Push,
RN1,R_Array_SIP9,1,R_Network08,
U1,DIP-32_W15.24mm_Socket_LongPads,1,SST39SF040,
U2,TSOP-II-44_10.16x18.41mm_P0.8mm,1,AS6C8008-55ZIN,
U3,PLCC-52_THT-Socket,1,MC68008,
U4,PLCC-44_THT-Socket,1,XR68C681,
U5,PLCC-84_THT-Socket,1,ATF1508,
U6,SOT-23-6,1,TPS22929D,
Y1,Oscillator_DIP-8,1,10MHz,
Y2,Oscillator_DIP-8,1,3.6864MHz,
